train_loss,val_loss,train_acc,val_acc,Accuracy,Error
0.3079170595398943,0.07229389189160429,0.8764017224311829,0.9733990430831909,0.9733990430831909,0.026600956916809082
0.06350516847219762,0.07010657577939128,0.9837338328361511,0.9783251285552979,0.9783251285552979,0.02167487144470215
0.020982389448599717,0.08533489694923446,0.994577944278717,0.9783251285552979,0.9783251285552979,0.02167487144470215
