train_loss,val_loss,train_acc,val_acc,Accuracy,Error
0.4262665974500582,0.19906147997971857,0.8214417695999146,0.931034505367279,0.931034505367279,0.06896549463272095
0.1163919495235795,0.1914672312550465,0.963524341583252,0.9536945819854736,0.9536945819854736,0.04630541801452637
0.04376134004378114,0.19665843527309335,0.9869377613067627,0.9576354622840881,0.9576354622840881,0.042364537715911865
