train_loss,val_loss,train_acc,val_acc,Accuracy,Error
0.4501109109654304,0.1679803722727229,0.8035736083984375,0.9379310607910156,0.9379310607910156,0.062068939208984375
0.11749365903021435,0.17223777415256336,0.963524341583252,0.9615763425827026,0.9615763425827026,0.03842365741729736
0.04279180113927417,0.16879591934593918,0.986814558506012,0.9665024876594543,0.9665024876594543,0.033497512340545654
